{"feature_dim": 10, "weights": [0.3724597590093444, 0.3724597590093444, -0.35872276207605985, -0.5356524425815433, -0.31675838674740636, -0.0057581736047815565, -0.11676081720837697, -0.07619783278663342, 0.11150248217916306, 0.9818856879882033], "epsilon": 0.02, "total_updates": 22665}